{"cameraMode":{"drawMode":0,"name":"Shaded","section":"Shading Mode"},"sceneLighting":true,"audioPlay":false,"sceneViewState":{"showFog":true,"showMaterialUpdate":false,"showSkybox":true,"showFlares":true,"showImageEffects":true,"showParticleSystems":true},"in2DMode":false,"pivot":{"x":2.415210723876953,"y":-2.5514767169952394,"z":-5.99674654006958},"rotation":{"x":0.05605901777744293,"y":-0.892577588558197,"z":0.11578573286533356,"w":0.43215328454971316},"size":10.0,"orthographic":false}