{"cameraMode":{"drawMode":0,"name":"Shaded","section":"Shading Mode"},"sceneLighting":true,"audioPlay":false,"sceneViewState":{"showFog":true,"showMaterialUpdate":false,"showSkybox":true,"showFlares":true,"showImageEffects":true,"showParticleSystems":true},"in2DMode":false,"pivot":{"x":-4.289975643157959,"y":-8.455121040344239,"z":3.8047285079956056},"rotation":{"x":0.20657101273536683,"y":-0.06247201934456825,"z":0.013217831961810589,"w":0.976348876953125},"size":36.50407028198242,"orthographic":false}