{"cameraMode":{"drawMode":0,"name":"Shaded","section":"Shading Mode"},"sceneLighting":true,"audioPlay":false,"sceneViewState":{"showFog":true,"showMaterialUpdate":false,"showSkybox":true,"showFlares":true,"showImageEffects":true,"showParticleSystems":true},"in2DMode":false,"pivot":{"x":-193.83518981933595,"y":207.623291015625,"z":-251.64971923828126},"rotation":{"x":-0.19582228362560273,"y":-0.2509886920452118,"z":0.05192813277244568,"w":-0.9465634226799011},"size":3.5847179889678957,"orthographic":false}